---
## Китай
- {city: Хайнань о., country: Китай, date: [ 2010-12-01 ]}
#  description: >
#    Зимний предновогодний отпуск на Хайнане 

## СССР
- {city: Бердянск (Украина), country: СССР}
- {city: Гагры (Грузия), country: СССР}
- {city: Киев (Украина), country: СССР}
- {city: Новый Афон (Абхазия), country: СССР}
- {city: Сухум (Абхазия), country: СССР}

# Россия
- {city: Боровск, country: Россия, date: [ 2014-07-18 ]}
- {city: Брянск, country: Россия, date: [ 2018-09-15 ]}
- {city: Валаам, country: Россия}
- {city: Великий Новгород, country: Россия, date: [2015-06-14]}
- {city: Владимир, country: Россия}
- {city: Выборг, country: Россия}
- {city: Екатеринбург, country: Россия, date: [2018-03-19]}
- {city: Изборск, country: Россия, date: [ 2014-06-10 ]}
- {city: Жигулёвск, country: Россия, date: [ 2014-05-10 ]}
- {city: Зеленоградск, country: Россия, date: [ 2023-03-18 ]}
- {city: Казань, country: Россия, date: [ 2010-05-10 ]}
- {city: Калининград, country: Россия, date: [ 2023-03-16 ]}
- {city: Калуга, country: Россия, date: [ 2014-07-18 ]}
- {city: Кандалакша, country: Россия, date: [ 2012-08-07 ]}
- {city: Козельск, country: Россия, date: [ 2014-07-19 ]}
- {city: Коломна, country: Россия, date: [ 2015-08-02 ]}
- {city: Кострома, country: Россия, date: [ 2014-03-08 ]}
- {city: Красная Поляна, country: Россия}
- {city: Наро-Фоминск, country: Россия}
- {city: Нижний Новгород, country: Россия}
- {city: Переславль Залесский, country: Россия}
- {city: Петрозаводск, country: Россия}
- {city: Печоры, country: Россия, date: [ 2014-06-10 ]}
- {city: Псков, country: Россия, date: [ 2014-06-10 ]}
- {city: Ростов, country: Россия}
- {city: Самара, country: Россия, date: [ 2014-05-10 ]}
- {city: Сафоново, country: Россия, date: [ 2022-03-05 ]}
- {city: Санкт-Петербург, country: Россия, date: [ 2013-05-04, 2013-12-15, 2014-06-10, 2014-08-10, 2020-08-25 ]}
- {city: Сочи, country: Россия}
- {city: Суздаль, country: Россия}
- {city: Тольятти, country: Россия, date: [ 2014-05-10, 2015-07-02 ]}
- {city: Тула, country: Россия, date: [2001-01-20, 2018-05-26, 2020-09-12]}
- {city: Чебоксары, country: Россия, date: [ 2010-05-10 ]}
- {city: Углич, country: Россия, date: [ 2014-03-08 ]}
- {city: Мышкин, country: Россия, date: [ 2014-03-08 ]}
- {city: Шлиссельбург, country: Россия, date: [ 2013-12-16]}
- {city: Ярославль, country: Россия, date: [ 2014-03-08 ]}
- {city: Торжок, country: Россия, date: [ 2015-06-12 ]}
- {city: Старая Русса, country: Россия, date: [ 2015-06-14 ]}
- {city: Иваново, country: Россия, date: [ 2015-09-18 ]}
- {city: Кинешма, country: Россия, date: [ 2015-09-18 ]}
- {city: Плёс, country: Россия, date: [ 2015-09-19 ]}
- {city: Талдом, country: Россия, date: [ 2015-09-25 ]}
- {city: Тверь, country: Россия, date: [ 2016-10-08, 2017-02-24 ]}
- {city: Абакан, country: Россия, date: [ 2017-08-14 ]}
- {city: Абаза, country: Россия, date: [ 2017-08-12 ]}
- {city: Саяногорск, country: Россия, date: [ 2017-08-12 ]}
- {city: Минусинск, country: Россия, date: [ 2017-08-09 ]}
- {city: Красноярск, country: Россия, date: [ 2017-08-15 ]}
- {city: Шушенское, село, country: Россия, date: [ 2017-08-11 ]}
- {city: Жемчужный, поселок, country: Россия, date: [ 2017-08-06 ]}
- {city: Шира, поселок, country: Россия, date: [ 2017-08-08 ]}
- {city: Сизая, поселок, country: Россия, date: [ 2017-08-11 ]}
- {city: Саяно-Шушенская ГЭС, country: Россия, date: [ 2017-08-11 ]}
- {city: Казановка, country: Россия, date: [ 2017-08-14 ]}
- {city: Кронштадт, country: Россия, date: [ 2020-08-26 ]}
- {city: Мурманск, country: Россия, date: [2021-10-28]}
- {city: Рыбачий п-ов, country: Россия, date: [2021-10-24]}
- {city: Средний п-ов, country: Россия, date: [2021-10-23]}
- {city: Юрьев-Польский, country: Россия, date: [2025-07-19]}

## Армения
- {city: Ереван, country: Армения, date: [2018-01-08]}

## Белоруссия
- {city: Брест, country: Белоруссия}
- {city: Минск, country: Белоруссия, date: [ 2009-06-10, 2013-05-10]}

## Украина
- {city: Балаклава, country: Украина}
- {city: Киев, country: Украина, date: [ 2013-09-30 ]}
- {city: Нежин, country: Украина, date: [ 2013-09-30 ]}
- {city: Севастополь, country: Украина}
- {city: Ялта, country: Украина}

## Вьетнам
- {city: Далат, country: Вьетнам}
- {city: Кути, country: Вьетнам}
- {city: Фантьет, country: Вьетнам}
- {city: Хошимин (Сайгон), country: Вьетнам}

## Дания
- {city: Копенгаген, country: Дания}
- {city: Фреденсборг, country: Дания}
- {city: Хельсингёр, country: Дания}

## Египет
- {city: Гиза, country: Египет}
- {city: Каир, country: Египет}
- {city: монастырь Св.Екатерины, country: Египет}
- {city: Шарм-эль-Шейх, country: Египет}

## Израиль
- {city: Иерусалим, country: Израиль}
- {city: Эйн-Бокек, country: Израиль}

## Грузия
- {city: Гори, country: Грузия, date: [2015-11-17]}
- {city: Тбилиси, country: Грузия, date: [2015-11-12]}
- {city: Мцхета, country: Грузия, date: [2015-11-14]}
- {city: Уплисцихе, country: Грузия, date: [2015-11-17]}

## Италия
- {city: Болонья, country: Италия}
- {city: Венеция, country: Италия}
- {city: Рим, country: Италия}
- {city: Римини, country: Италия}
- {city: Равенна, country: Италия}
- {city: Триест, country: Италия}
- {city: Чезена, country: Италия}
- {city: Чезенатико, country: Италия}
- {city: Флоренция, country: Италия}
- {city: Урбино, country: Италия}
- {city: Градара, country: Италия}
- {city: Виареджжо, country: Италия}
- {city: Монтероссо-аль-Маре, country: Италия}
- {city: Портовенере, country: Италия}
- {city: "Сант-Арканджело ди Романья", country: Италия}
- {city: Сан-Марино, country: Сан-Марино}
- {city: Ватикан, country: Ватикан}

## Иордания
- {city: Маан, country: Иордания, date: [2010-01-05]}
- {city: Петра, country: Иордания, date: [2010-01-05]}

## Куба
- {city: Варадеро, country: Куба}
- {city: Карденас, country: Куба}
- {city: Матансас, country: Куба}
- {city: Санта-Клара, country: Куба}
- {city: Сенфуэндоc, country: Куба}
- {city: Тринидад, country: Куба}

## Кипр
- {city: Айя-Напа, country: Кипр}
- {city: Пафос, country: Кипр, date: [2018-03-12]}

## Мальдивы
- {city: Наалагурайдо о., country: Мальдивы, date: [2022-10-04]}
- {city: Кудафолхуудо о., country: Мальдивы, date: [2024-07-01]}

## Палестина
- {city: Вифлием, country: Палестина}

## США
- {city: Итака (NY), country: США}
- {city: Женева (NY), country: США}
- {city: Ниагара Фолс, country: США}
- {city: Нью-Йорк, country: США, date: [1997-10-15]}
- {city: Рочестер (NY), country: США}

## Сербия
- {city: Белград, country: Сербия, date: [2023-05-15]}

## Турция
- {city: Гюйнюк, country: Турция}
- {city: Даламан, country: Турция}
- {city: Кемер, country: Турция}
- {city: Куршунлу, country: Турция}
- {city: Кушадасы, country: Турция, date: [2015-08-20]}
- {city: Мармарис, country: Турция}
- {city: Памуккале, country: Турция}
- {city: Сельчук, country: Турция, date: [2015-08-19]}
- {city: Стамбул, country: Турция, date: [2009-02-23, 2015-11-18], [2022-10-01]}
- {city: Эфес, country: Турция, date: [2015-08-19]}
- {city: Анталия, country: Турция, date: [2022-10-12, 2022-11-29]}
- {city: Фетхие, country: Турция, date: [2022-12-01, 2023-01-01, 2023-02-01]}
- {city: Олюдениз, country: Турция, date: [2023-01-22]}

## Таиланд
- {city: Паттайя, country: Таиланд}

## Узбекистан
- {city: Ташкент, country: Узбекистан, date: [2023-09-15]}
- {city: Амирсой, country: Узбекистан, date: [2023-09-16]}
- {city: Самарканд, country: Узбекистан, date: [2023-09-17]}

## Франция
- {city: Гренобль, country: Франция}
- {city: Куршевель, country: Франция}
- {city: Шамбери, country: Франция}

## Хорватия
- {city: Мотовун, country: Хорватия}
- {city: Пореч, country: Хорватия}
- {city: Пула, country: Хорватия}
- {city: Ровинь, country: Хорватия}

## Швейцария
- {city: Аванш, country: Швейцария, date: [2006-07-12]}
- {city: Аскона, country: Швейцария, date: [2006-07-12]}
- {city: Берн, country: Швейцария, date: [2006-07-11]}
- {city: Женева, country: Швейцария, date: [2006-07-10]}
- {city: Интерлакен, country: Швейцария, date: [2006-07-14]}
- {city: Локарно, country: Швейцария, date: [2006-07-15]}
- {city: Монтрё, country: Швейцария, date: [2006-07-15]}
- {city: Роше-де-Не, country: Швейцария, date: [2006-07-15]}
- {city: Тун, country: Швейцария, date: [2006-07-16]}
- {city: Цюрих, country: Швейцария, date: [2006-07-11]}

## Швеция
- {city: Энгельхольм, country: Швеция}
- {city: Стокгольм, country: Швеция}

## Занзибар + Танзания
- {city: "Селус, национальный парк", country: Танзания, date: [2024-11-22]}
- {city: Стоун Таун, country: Занзибар, date: [2024-11-26]}
- {city: Паже, country: Занзибар, date: [2024-11-20]}
- {city: Чуини, country: Занзибар, date: [2024-11-21]}
- {city: Накупенда о., country: Занзибар, date: [2024-11-20]}
- {city: Чангу о., country: Занзибар, date: [2024-11-20]}
- {city: Нунгви, country: Занзибар, date: [2024-11-25]}

## Шри-Ланка
- {city: Анурадхапура, country: Шри-Ланка, date: [2014-12-25]}
- {city: Берувела, country: Шри-Ланка, date: [2014-12-30]}
- {city: Негомбо, country: Шри-Ланка, date: [2015-01-05]}
- {city: Дамбулла, country: Шри-Ланка, date: [2014-12-26]}
- {city: Нувара Элия, country: Шри-Ланка, date: [2014-12-27]}
- {city: Канди, country: Шри-Ланка, date: [2014-12-28]}
- {city: Галле, country: Шри-Ланка, date: [2014-12-30]}
- {city: Бентота, country: Шри-Ланка, date: [2015-01-03]}


## Финляндия
- {city: Турку, country: Финляндия}
- {city: Хельсинки, country: Финляндия}

## Черногория
- {city: Тиват, country: Черногория, date: [2018-07-12]}
- {city: Котор, country: Черногория, date: [2018-07-14]}
- {city: Цетинье, country: Черногория, date: [2018-07-17]}
- {city: Петровац, country: Черногория, date: [2018-07-15]}
- {city: Острог, country: Черногория, date: [2018-07-19]}
- {city: Скадарское оз., country: Черногория, date: [2018-07-20]}

## Бельгия
- {city: Брюссель, country: Бельгия, date: [2018-09-28, 2018-10-07]}
- {city: Нюивпорт, country: Бельгия, date: [2018-09-29]}
- {city: Диксмёйде, country: Бельгия, date: [2018-09-30]}
- {city: Ипр, country: Бельгия, date: [2018-09-30]}
- {city: Ло, country: Бельгия, date: [2018-10-01]}
- {city: Вёрне, country: Бельгия, date: [2018-10-02]}
- {city: Дюнкерк, country: Франция, date: [2018-10-02]}
- {city: Брюгге, country: Бельгия, date: [2018-10-03]}
- {city: Гент, country: Бельгия, date: [2018-10-05]}

## Южная Корея
- {city: Сеул, country: "Южная Корея", date: [2023-07-15]}

## Япония
- {city: Токио, country: "Япония", date: [2025-10-18, 2025-10-19, 2025-10-20, 2025-10-21, 2025-10-29, 2025-10-30]}
- {city: Канадзава, country: "Япония", date: [2025-10-22]}
- {city: Сирокава-го, country: "Япония", date: [2025-10-23]}
- {city: Киото, country: "Япония", date: [2025-10-24]}
- {city: Нара, country: "Япония", date: [2025-10-26]}
- {city: Осака, country: "Япония", date: [2025-10-26]}
- {city: Фуджикавагучико, country: "Япония", date: [2025-10-27]}
- {city: Аракуяма, country: "Япония", date: [2025-10-28]}
